"Идентиф.";"Обозначение";"Посад. место";"Количество";"Значение";"Поставщик и справка";
1;"1RM-065";"Potentiometer_Runtron_RM-065_Vertical";1;"250K";;;
2;"C1";"CP_Radial_D10.0mm_P2.50mm";1;"0.47uF";;;
3;"C2";"CP_Radial_D10.0mm_P2.50mm";1;"20uF";;;
4;"C3, C45";"C_Disc_D5.0mm_W2.5mm_P2.50mm";2;"220p";;;
5;"C4";"C_Disc_D5.0mm_W2.5mm_P2.50mm";1;"0.47uF";;;
6;"C5, C101";"CP_Radial_D10.0mm_P2.50mm";2;"100uF";;;
7;"C6, C10, C57, C92";"C_Disc_D5.0mm_W2.5mm_P2.50mm";4;"1n";;;
8;"C7, C23, C30, C34";"C_Disc_D5.0mm_W2.5mm_P2.50mm";4;"10n";;;
9;"C8, C22, C24, C25, C26, C27, C28, C40, C46, C59, C60, C94";"C_Disc_D5.0mm_W2.5mm_P2.50mm";12;"47n";;;
10;"C9, C11, C50, C51";"CP_Radial_D10.0mm_P2.50mm";4;"1u";;;
11;"C12, C13, C14, C18";"C_Disc_D5.0mm_W2.5mm_P2.50mm";4;"0.01uF";;;
12;"C15, C85";"C_Disc_D5.0mm_W2.5mm_P2.50mm";2;"100pF";;;
13;"C16";"C_Disc_D5.0mm_W2.5mm_P2.50mm";1;"0.1uF";;;
14;"C17";"C_Disc_D5.0mm_W2.5mm_P2.50mm";1;"0.01uf";;;
15;"C19";"C_Disc_D5.0mm_W2.5mm_P2.50mm";1;"100nF";;;
16;"C20, C32, C33";"CP_Radial_D10.0mm_P2.50mm";3;"47u";;;
17;"C21, C37";"CP_Radial_D10.0mm_P2.50mm";2;"22u";;;
18;"C29";"CP_Radial_D10.0mm_P2.50mm";1;"15u";;;
19;"C31";"CP_Radial_D10.0mm_P2.50mm";1;"100u";;;
20;"C35, C36";"CP_Radial_D10.0mm_P2.50mm";2;"33u";;;
21;"C38";"C_Disc_D5.0mm_W2.5mm_P2.50mm";1;"5p";;;
22;"C39";"C_Disc_D5.0mm_W2.5mm_P2.50mm";1;"47p";;;
23;"C41";"CP_Radial_D10.0mm_P2.50mm";1;"33uF";;;
24;"C42";"C_Disc_D5.0mm_W2.5mm_P2.50mm";1;"1uf";;;
25;"C43, C61";"C_Disc_D5.0mm_W2.5mm_P2.50mm";2;"6n8";;;
26;"C44, C62";"C_Disc_D5.0mm_W2.5mm_P2.50mm";2;"100p";;;
27;"C47";"C_Disc_D5.0mm_W2.5mm_P2.50mm";1;"12n";;;
28;"C48, C58";"C_Disc_D5.0mm_W2.5mm_P2.50mm";2;"150p";;;
29;"C49, C52";"C_Disc_D5.0mm_W2.5mm_P2.50mm";2;"33n";;;
30;"C53";"C_Disc_D5.0mm_W2.5mm_P2.50mm";1;"3n9";;;
31;"C54";"C_Disc_D5.0mm_W2.5mm_P2.50mm";1;"8n2";;;
32;"C55";"C_Disc_D5.0mm_W2.5mm_P2.50mm";1;"330p";;;
33;"C56";"C_Disc_D5.0mm_W2.5mm_P2.50mm";1;"220n";;;
34;"C63";"C_Disc_D5.0mm_W2.5mm_P2.50mm";1;"1uF";;;
35;"C64";"C_Disc_D5.0mm_W2.5mm_P2.50mm";1;"0.33";;;
36;"C65, C80";"C_Disc_D5.0mm_W2.5mm_P2.50mm";2;"0.01";;;
37;"C66";"CP_Radial_D10.0mm_P2.50mm";1;"1uf";;;
38;"C67";"C_Disc_D5.0mm_W2.5mm_P2.50mm";1;"0.0033";;;
39;"C68";"C_Disc_D5.0mm_W2.5mm_P2.50mm";1;"0.015";;;
40;"C69";"C_Disc_D5.0mm_W2.5mm_P2.50mm";1;"470pF";;;
41;"C70";"C_Disc_D5.0mm_W2.5mm_P2.50mm";1;"0.0047";;;
42;"C71";"C_Disc_D5.0mm_W2.5mm_P2.50mm";1;"150pF";;;
43;"C72, C75, C76";"CP_Radial_D10.0mm_P2.50mm";3;"10uF";;;
44;"C73";"CP_Radial_D10.0mm_P2.50mm";1;"2.2uF";;;
45;"C74";"C_Disc_D5.0mm_W2.5mm_P2.50mm";1;"0.047";;;
46;"C77";"C_Disc_D5.0mm_W2.5mm_P2.50mm";1;"0.0027";;;
47;"C78";"C_Disc_D5.0mm_W2.5mm_P2.50mm";1;"180pF";;;
48;"C79, C81, C84, C86, C95";"CP_Radial_D10.0mm_P2.50mm";5;"1uF";;;
49;"C82, C93";"C_Disc_D5.0mm_W2.5mm_P2.50mm";2;"22n";;;
50;"C83";"C_Disc_D5.0mm_W2.5mm_P2.50mm";1;"47pF";;;
51;"C87, C89";"C_Disc_D5.0mm_W2.5mm_P2.50mm";2;"2n2";;;
52;"C88";"C_Disc_D5.0mm_W2.5mm_P2.50mm";1;"4n7";;;
53;"C90, C91, C96, C97";"C_Disc_D5.0mm_W2.5mm_P2.50mm";4;"100n";;;
54;"C98, C99";"CP_Radial_D10.0mm_P2.50mm";2;"47uF";;;
55;"C100";"CP_Radial_D10.0mm_P2.50mm";1;"C_Polarized";;;
56;"D1, D4, D9, D13, D18, D21, D23";"LED_D3.0mm";7;"LED";;;
57;"D2, D3, D5, D6, D7, D8, D15, D16, D17, D19, D20, D22";"D_DO-35_SOD27_P7.62mm_Horizontal";12;"1N4148";;;
58;"D10";"D_DO-41_SOD81_P10.16mm_Horizontal";1;"1N4007";;;
59;"D11";"D_DO-35_SOD27_P7.62mm_Horizontal";1;"1N914";;;
60;"D12";"D_MiniMELF";1;"BZV55B5V1";;;
61;"D14";"D_DO-41_SOD81_P10.16mm_Horizontal";1;"1N4001";;;
62;"J2, J4";"Jack_6.35mm_Neutrik_NRJ4HH-1_Horizontal";2;"NRJ4HH-1";;;
63;"J3";"BarrelJack_GCT_DCJ200-10-A_Horizontal";1;"Barrel_Jack_Switch";;;
64;"Q1";"TO-18-3";1;"BC108B";;;
65;"Q2";"TO-18-3";1;"BC109B";;;
66;"Q3";"TO-92_Inline";1;"2N3906";;;
67;"Q4, Q5, Q6, Q7";"TO-92";4;"2n5952";;;
68;"Q8, Q9, Q10, Q12, Q13, Q14, Q16, Q17";"TO-92_Inline";8;"2n5088";;;
69;"Q11";"TO-92_Inline";1;"2SA733";;;
70;"Q15";"TO-92_Inline";1;"2n2907";;;
71;"R1, R10";"R_Axial_DIN0207_L6.3mm_D2.5mm_P7.62mm_Horizontal";2;"4.7K";;;
72;"R2";"R_Axial_DIN0207_L6.3mm_D2.5mm_P7.62mm_Horizontal";1;"33k";;;
73;"R3";"R_Axial_DIN0207_L6.3mm_D2.5mm_P7.62mm_Horizontal";1;"330";;;
74;"R4, R56, R89, R105, R135, R144, R157";"R_Axial_DIN0207_L6.3mm_D2.5mm_P7.62mm_Horizontal";7;"100K";;;
75;"R5, R6, R14, R22, R25, R53, R72, R106, R108, R134, R136, R143, R154, R155";"R_Axial_DIN0207_L6.3mm_D2.5mm_P7.62mm_Horizontal";14;"1K";;;
76;"R7, R11, R19, R26, R29, R31, R32, R33, R34, R35, R36, R37, R38, R54, R55, R76, R77, R79, R83, R86, R87, R88, R92, R93, R94, R95, R102, R112, R113, R116, R117, R126, R128, R131, R145, R146, R148, R149, R150, R158, R159, R160";"R_Axial_DIN0207_L6.3mm_D2.5mm_P7.62mm_Horizontal";42;"10K";;;
77;"R8, R12, R13, R16, R24, R27, R28, R71, R137";"R_Axial_DIN0207_L6.3mm_D2.5mm_P7.62mm_Horizontal";9;"1M";;;
78;"R9, R30, R51, R61, R73, R121";"R_Axial_DIN0207_L6.3mm_D2.5mm_P7.62mm_Horizontal";6;"470K";;;
79;"R15";"R_Axial_DIN0207_L6.3mm_D2.5mm_P7.62mm_Horizontal";1;"2.2M";;;
80;"R17, R69, R70, R74, R75, R109, R114, R132";"R_Axial_DIN0207_L6.3mm_D2.5mm_P7.62mm_Horizontal";8;"33K";;;
81;"R18, R100";"R_Axial_DIN0207_L6.3mm_D2.5mm_P7.62mm_Horizontal";2;"27K";;;
82;"R20, R23, R110";"R_Axial_DIN0207_L6.3mm_D2.5mm_P7.62mm_Horizontal";3;"6.8K";;;
83;"R21, R57, R64, R81, R107, R130";"R_Axial_DIN0207_L6.3mm_D2.5mm_P7.62mm_Horizontal";6;"220K";;;
84;"R39, R40, R41, R43, R50, R52, R62";"R_Axial_DIN0207_L6.3mm_D2.5mm_P7.62mm_Horizontal";7;"150K";;;
85;"R42, R90";"R_Axial_DIN0207_L6.3mm_D2.5mm_P7.62mm_Horizontal";2;"56K";;;
86;"R44, R45, R46, R47";"R_Axial_DIN0207_L6.3mm_D2.5mm_P7.62mm_Horizontal";4;"24K";;;
87;"R48";"R_Axial_DIN0207_L6.3mm_D2.5mm_P7.62mm_Horizontal";1;"3M9";;;
88;"R49, R60, R65, R67, R68, R85";"R_Axial_DIN0207_L6.3mm_D2.5mm_P7.62mm_Horizontal";6;"4K7";;;
89;"R58";"R_Axial_DIN0207_L6.3mm_D2.5mm_P7.62mm_Horizontal";1;"1K5";;;
90;"R59, R123, R138";"R_Axial_DIN0207_L6.3mm_D2.5mm_P7.62mm_Horizontal";3;"180K";;;
91;"R63, R124";"R_Axial_DIN0207_L6.3mm_D2.5mm_P7.62mm_Horizontal";2;"68K";;;
92;"R66, R91";"R_Axial_DIN0207_L6.3mm_D2.5mm_P7.62mm_Horizontal";2;"330K";;;
93;"R78, R80, R84, R96, R98, R101, R103, R122";"R_Axial_DIN0207_L6.3mm_D2.5mm_P7.62mm_Horizontal";8;"47K";;;
94;"R82, R125";"R_Axial_DIN0207_L6.3mm_D2.5mm_P7.62mm_Horizontal";2;"82K";;;
95;"R97";"R_Axial_DIN0207_L6.3mm_D2.5mm_P7.62mm_Horizontal";1;"22k";;;
96;"R99, R118, R119, R127";"R_Axial_DIN0207_L6.3mm_D2.5mm_P7.62mm_Horizontal";4;"39K";;;
97;"R104";"R_Axial_DIN0207_L6.3mm_D2.5mm_P7.62mm_Horizontal";1;"470R";;;
98;"R111";"R_Axial_DIN0207_L6.3mm_D2.5mm_P7.62mm_Horizontal";1;"3K3";;;
99;"R115, R142";"R_Axial_DIN0207_L6.3mm_D2.5mm_P7.62mm_Horizontal";2;"12K";;;
100;"R120";"R_Axial_DIN0207_L6.3mm_D2.5mm_P7.62mm_Horizontal";1;"120K";;;
101;"R129, R140";"R_Axial_DIN0207_L6.3mm_D2.5mm_P7.62mm_Horizontal";2;"22K";;;
102;"R133";"R_Axial_DIN0207_L6.3mm_D2.5mm_P7.62mm_Horizontal";1;"6K8";;;
103;"R139";"R_Axial_DIN0207_L6.3mm_D2.5mm_P7.62mm_Horizontal";1;"360K";;;
104;"R141, R147";"R_Axial_DIN0207_L6.3mm_D2.5mm_P7.62mm_Horizontal";2;"20K";;;
105;"R151";"R_Axial_DIN0207_L6.3mm_D2.5mm_P7.62mm_Horizontal";1;"5K1";;;
106;"R152";"R_Axial_DIN0207_L6.3mm_D2.5mm_P7.62mm_Horizontal";1;"2K";;;
107;"R153";"R_Axial_DIN0207_L6.3mm_D2.5mm_P7.62mm_Horizontal";1;"2K7";;;
108;"R156";"R_Axial_DIN0207_L6.3mm_D2.5mm_P7.62mm_Horizontal";1;"33";;;
109;"RM-065_2";"Potentiometer_Runtron_RM-065_Vertical";1;"500K";;;
110;"RM-065_3, RV16";"Potentiometer_Runtron_RM-065_Vertical";2;"20K";;;
111;"RM-065_4";"Potentiometer_Runtron_RM-065_Vertical";1;"100K";;;
112;"RV14";"Potentiometer_Runtron_RM-065_Vertical";1;"B50K";;;
113;"RVDelay1, RVDepth1, RVMix_del1, RVRepets1, RV_In1";"Potentiometer_Alpha_RD901F-40-00D_Single_Vertical";5;"B50K";;;
114;"RVdepth_cho1";"Potentiometer_Alpha_RD901F-40-00D_Single_Vertical";1;"10K";;;
115;"RVDist1, RVSpeed1";"Potentiometer_Alpha_RD901F-40-00D_Single_Vertical";2;"C500K";;;
116;"RVfuzz1";"Potentiometer_Alpha_RD901F-40-00D_Single_Vertical";1;"B1K";;;
117;"RVGain1";"Potentiometer_Alpha_RD901F-40-00D_Single_Vertical";1;"B100K";;;
118;"RVRatef1";"Potentiometer_Alpha_RD901F-40-00D_Single_Vertical";1;"C250K";;;
119;"RVRate_cho1";"Potentiometer_Alpha_RD901F-40-00D_Single_Vertical";1;"1M";;;
120;"RVRes1";"Potentiometer_Alpha_RD901F-40-00D_Single_Vertical";1;"C50K";;;
121;"RVTone_ov1";"Potentiometer_Alpha_RD901F-40-00D_Single_Vertical";1;"A25K";;;
122;"RVVolume_dist1";"Potentiometer_Alpha_RD901F-40-00D_Single_Vertical";1;"A50K";;;
123;"RVVolume_over1";"Potentiometer_Alpha_RD901F-40-00D_Single_Vertical";1;"A100K";;;
124;"RV_BIAS1";"Potentiometer_Alpha_RD901F-40-00D_Single_Vertical";1;"B10K";;;
125;"RV_Volumefuzz1";"Potentiometer_Alpha_RD901F-40-00D_Single_Vertical";1;"A500K";;;
126;"SW1, SW2, SW3, SW4, SW5, SW6, SW7";"3PTD";7;"~";;;
127;"U1, U2, U3";"DIP-8_W7.62mm";3;"TL071";;;
128;"U4, U5, U6, U7, U8, U9";"DIP-8_W7.62mm";6;"LM741";;;
129;"U10, U22";"TO-92_Inline";2;"L78L05_TO92";;;
130;"U11";"DIP-8_W7.62mm";1;"TL062";;;
131;"U12, U13, U16";"DIP-8_W7.62mm";3;"RC4558";;;
132;"U14";"DIP-8_W7.62mm";1;"MN3207";;;
133;"U15";"DIP-8_W7.62mm";1;"MN3102";;;
134;"U17";"DIP-8_W7.62mm";1;"MN3007";;;
135;"U18";"DIP-14_W7.62mm";1;"4047";;;
136;"U19";"DIP-8_W7.62mm";1;"LM358";;;
137;"U20";"DIP-8_W7.62mm";1;"TL072";;;
138;"U21";"DIP-16_W7.62mm";1;"PT2399";;;
