"Reference","Qty","Value","DNP","Exclude from BOM","Exclude from Board","Footprint","Datasheet"
"1RM-065","1","250K","","","","Potentiometer_THT:Potentiometer_Runtron_RM-065_Vertical",""
"C1","1","0.47uF","","","","Capacitor_THT:CP_Radial_D10.0mm_P2.50mm",""
"C2","1","20uF","","","","Capacitor_THT:CP_Radial_D10.0mm_P2.50mm",""
"C3,C45","2","220p","","","","Capacitor_THT:C_Disc_D5.0mm_W2.5mm_P2.50mm",""
"C4","1","0.47uF","","","","Capacitor_THT:C_Disc_D5.0mm_W2.5mm_P2.50mm",""
"C5,C101","2","100uF","","","","Capacitor_THT:CP_Radial_D10.0mm_P2.50mm",""
"C6,C10,C57,C92","4","1n","","","","Capacitor_THT:C_Disc_D5.0mm_W2.5mm_P2.50mm",""
"C7,C23,C30,C34","4","10n","","","","Capacitor_THT:C_Disc_D5.0mm_W2.5mm_P2.50mm",""
"C8,C22,C24,C25,C26,C27,C28,C40,C46,C59,C60,C94","12","47n","","","","Capacitor_THT:C_Disc_D5.0mm_W2.5mm_P2.50mm",""
"C9,C11,C50,C51","4","1u","","","","Capacitor_THT:CP_Radial_D10.0mm_P2.50mm",""
"C12,C13,C14,C18","4","0.01uF","","","","Capacitor_THT:C_Disc_D5.0mm_W2.5mm_P2.50mm",""
"C15,C85","2","100pF","","","","Capacitor_THT:C_Disc_D5.0mm_W2.5mm_P2.50mm",""
"C16","1","0.1uF","","","","Capacitor_THT:C_Disc_D5.0mm_W2.5mm_P2.50mm",""
"C17","1","0.01uf","","","","Capacitor_THT:C_Disc_D5.0mm_W2.5mm_P2.50mm",""
"C19","1","100nF","","","","Capacitor_THT:C_Disc_D5.0mm_W2.5mm_P2.50mm",""
"C20,C32,C33","3","47u","","","","Capacitor_THT:CP_Radial_D10.0mm_P2.50mm",""
"C21,C37","2","22u","","","","Capacitor_THT:CP_Radial_D10.0mm_P2.50mm",""
"C29","1","15u","","","","Capacitor_THT:CP_Radial_D10.0mm_P2.50mm",""
"C31","1","100u","","","","Capacitor_THT:CP_Radial_D10.0mm_P2.50mm",""
"C35,C36","2","33u","","","","Capacitor_THT:CP_Radial_D10.0mm_P2.50mm",""
"C38","1","5p","","","","Capacitor_THT:C_Disc_D5.0mm_W2.5mm_P2.50mm",""
"C39","1","47p","","","","Capacitor_THT:C_Disc_D5.0mm_W2.5mm_P2.50mm",""
"C41","1","33uF","","","","Capacitor_THT:CP_Radial_D10.0mm_P2.50mm",""
"C42","1","1uf","","","","Capacitor_THT:C_Disc_D5.0mm_W2.5mm_P2.50mm",""
"C43,C61","2","6n8","","","","Capacitor_THT:C_Disc_D5.0mm_W2.5mm_P2.50mm",""
"C44,C62","2","100p","","","","Capacitor_THT:C_Disc_D5.0mm_W2.5mm_P2.50mm",""
"C47","1","12n","","","","Capacitor_THT:C_Disc_D5.0mm_W2.5mm_P2.50mm",""
"C48,C58","2","150p","","","","Capacitor_THT:C_Disc_D5.0mm_W2.5mm_P2.50mm",""
"C49,C52","2","33n","","","","Capacitor_THT:C_Disc_D5.0mm_W2.5mm_P2.50mm",""
"C53","1","3n9","","","","Capacitor_THT:C_Disc_D5.0mm_W2.5mm_P2.50mm",""
"C54","1","8n2","","","","Capacitor_THT:C_Disc_D5.0mm_W2.5mm_P2.50mm",""
"C55","1","330p","","","","Capacitor_THT:C_Disc_D5.0mm_W2.5mm_P2.50mm",""
"C56","1","220n","","","","Capacitor_THT:C_Disc_D5.0mm_W2.5mm_P2.50mm",""
"C63","1","1uF","","","","Capacitor_THT:C_Disc_D5.0mm_W2.5mm_P2.50mm",""
"C64","1","0.33","","","","Capacitor_THT:C_Disc_D5.0mm_W2.5mm_P2.50mm",""
"C65,C80","2","0.01","","","","Capacitor_THT:C_Disc_D5.0mm_W2.5mm_P2.50mm",""
"C66","1","1uf","","","","Capacitor_THT:CP_Radial_D10.0mm_P2.50mm",""
"C67","1","0.0033","","","","Capacitor_THT:C_Disc_D5.0mm_W2.5mm_P2.50mm",""
"C68","1","0.015","","","","Capacitor_THT:C_Disc_D5.0mm_W2.5mm_P2.50mm",""
"C69","1","470pF","","","","Capacitor_THT:C_Disc_D5.0mm_W2.5mm_P2.50mm",""
"C70","1","0.0047","","","","Capacitor_THT:C_Disc_D5.0mm_W2.5mm_P2.50mm",""
"C71","1","150pF","","","","Capacitor_THT:C_Disc_D5.0mm_W2.5mm_P2.50mm",""
"C72,C75,C76","3","10uF","","","","Capacitor_THT:CP_Radial_D10.0mm_P2.50mm",""
"C73","1","2.2uF","","","","Capacitor_THT:CP_Radial_D10.0mm_P2.50mm",""
"C74","1","0.047","","","","Capacitor_THT:C_Disc_D5.0mm_W2.5mm_P2.50mm",""
"C77","1","0.0027","","","","Capacitor_THT:C_Disc_D5.0mm_W2.5mm_P2.50mm",""
"C78","1","180pF","","","","Capacitor_THT:C_Disc_D5.0mm_W2.5mm_P2.50mm",""
"C79,C81,C84,C86,C95,C100","6","1uF","","","","Capacitor_THT:CP_Radial_D10.0mm_P2.50mm",""
"C82,C93","2","22n","","","","Capacitor_THT:C_Disc_D5.0mm_W2.5mm_P2.50mm",""
"C83","1","47pF","","","","Capacitor_THT:C_Disc_D5.0mm_W2.5mm_P2.50mm",""
"C87,C89","2","2n2","","","","Capacitor_THT:C_Disc_D5.0mm_W2.5mm_P2.50mm",""
"C88","1","4n7","","","","Capacitor_THT:C_Disc_D5.0mm_W2.5mm_P2.50mm",""
"C90,C91,C96,C97","4","100n","","","","Capacitor_THT:C_Disc_D5.0mm_W2.5mm_P2.50mm",""
"C98,C99","2","47uF","","","","Capacitor_THT:CP_Radial_D10.0mm_P2.50mm",""
"D1,D4,D9,D13,D18,D21,D23","7","LED","","","","LED_THT:LED_D3.0mm",""
"D2,D3,D5,D6,D7,D8,D15,D16,D17,D19,D20,D22","12","1N4148","","","","Diode_THT:D_DO-35_SOD27_P7.62mm_Horizontal","https://assets.nexperia.com/documents/data-sheet/1N4148_1N4448.pdf"
"D10","1","1N4007","","","","Diode_THT:D_DO-41_SOD81_P10.16mm_Horizontal","http://www.vishay.com/docs/88503/1n4001.pdf"
"D11","1","1N914","","","","Diode_THT:D_DO-35_SOD27_P7.62mm_Horizontal","http://www.vishay.com/docs/85622/1n914.pdf"
"D12","1","BZV55B5V1","","","","Diode_SMD:D_MiniMELF","https://assets.nexperia.com/documents/data-sheet/BZV55_SER.pdf"
"D14","1","1N4001","","","","Diode_THT:D_DO-41_SOD81_P10.16mm_Horizontal","http://www.vishay.com/docs/88503/1n4001.pdf"
"J2,J4","2","NRJ4HH-1","","","","Connector_Audio:Jack_6.35mm_Neutrik_NRJ4HH-1_Horizontal","https://www.neutrik.com/en/product/nrj4hh-1"
"J3","1","Barrel_Jack_Switch","","","","Connector_BarrelJack:BarrelJack_GCT_DCJ200-10-A_Horizontal",""
"Q1","1","BC108B","","","","Package_TO_SOT_THT:TO-18-3","http://www.b-kainka.de/Daten/Transistor/BC108.pdf"
"Q2","1","BC109B","","","","Package_TO_SOT_THT:TO-18-3","http://www.farnell.com/datasheets/296634.pdf"
"Q3","1","2N3906","","","","Package_TO_SOT_THT:TO-92_Inline","https://www.onsemi.com/pub/Collateral/2N3906-D.PDF"
"Q4,Q5,Q6,Q7","4","2n5952","","","","Package_TO_SOT_THT:TO-92",""
"Q8,Q9,Q10,Q12,Q13,Q14,Q16,Q17","8","2n5088","","","","Package_TO_SOT_THT:TO-92_Inline","http://www.onsemi.com/pub_link/Collateral/MPSA42-D.PDF"
"Q11","1","2SA733","","","","Package_TO_SOT_THT:TO-92_Inline","http://www.datasheetcatalog.org/datasheet/toshiba/905.pdf"
"Q15","1","2n2907","","","","Package_TO_SOT_THT:TO-92_Inline","http://www.onsemi.com/pub_link/Collateral/MPSA42-D.PDF"
"R1,R10","2","4.7K","","","","Resistor_THT:R_Axial_DIN0207_L6.3mm_D2.5mm_P7.62mm_Horizontal",""
"R2","1","33k","","","","Resistor_THT:R_Axial_DIN0207_L6.3mm_D2.5mm_P7.62mm_Horizontal",""
"R3","1","330","","","","Resistor_THT:R_Axial_DIN0207_L6.3mm_D2.5mm_P7.62mm_Horizontal",""
"R4,R56,R89,R105,R135,R144,R157","7","100K","","","","Resistor_THT:R_Axial_DIN0207_L6.3mm_D2.5mm_P7.62mm_Horizontal",""
"R5,R6,R14,R22,R25,R53,R72,R106,R108,R134,R136,R143,R154,R155","14","1K","","","","Resistor_THT:R_Axial_DIN0207_L6.3mm_D2.5mm_P7.62mm_Horizontal",""
"R7,R11,R19,R26,R29,R31,R32,R33,R34,R35,R36,R37,R38,R54,R55,R76,R77,R79,R83,R86,R87,R88,R92,R93,R94,R95,R102,R112,R113,R116,R117,R126,R128,R131,R145,R146,R148,R149,R150,R158,R159,R160","42","10K","","","","Resistor_THT:R_Axial_DIN0207_L6.3mm_D2.5mm_P7.62mm_Horizontal",""
"R8,R12,R13,R16,R24,R27,R28,R71,R137","9","1M","","","","Resistor_THT:R_Axial_DIN0207_L6.3mm_D2.5mm_P7.62mm_Horizontal",""
"R9,R30,R51,R61,R73,R121","6","470K","","","","Resistor_THT:R_Axial_DIN0207_L6.3mm_D2.5mm_P7.62mm_Horizontal",""
"R15","1","2.2M","","","","Resistor_THT:R_Axial_DIN0207_L6.3mm_D2.5mm_P7.62mm_Horizontal",""
"R17,R69,R70,R74,R75,R109,R114,R132","8","33K","","","","Resistor_THT:R_Axial_DIN0207_L6.3mm_D2.5mm_P7.62mm_Horizontal",""
"R18,R100","2","27K","","","","Resistor_THT:R_Axial_DIN0207_L6.3mm_D2.5mm_P7.62mm_Horizontal",""
"R20,R23,R110","3","6.8K","","","","Resistor_THT:R_Axial_DIN0207_L6.3mm_D2.5mm_P7.62mm_Horizontal",""
"R21,R57,R64,R81,R107,R130","6","220K","","","","Resistor_THT:R_Axial_DIN0207_L6.3mm_D2.5mm_P7.62mm_Horizontal",""
"R39,R40,R41,R43,R50,R52,R62","7","150K","","","","Resistor_THT:R_Axial_DIN0207_L6.3mm_D2.5mm_P7.62mm_Horizontal",""
"R42,R90","2","56K","","","","Resistor_THT:R_Axial_DIN0207_L6.3mm_D2.5mm_P7.62mm_Horizontal",""
"R44,R45,R46,R47","4","24K","","","","Resistor_THT:R_Axial_DIN0207_L6.3mm_D2.5mm_P7.62mm_Horizontal",""
"R48","1","3M9","","","","Resistor_THT:R_Axial_DIN0207_L6.3mm_D2.5mm_P7.62mm_Horizontal",""
"R49,R60,R65,R67,R68,R85","6","4K7","","","","Resistor_THT:R_Axial_DIN0207_L6.3mm_D2.5mm_P7.62mm_Horizontal",""
"R58","1","1K5","","","","Resistor_THT:R_Axial_DIN0207_L6.3mm_D2.5mm_P7.62mm_Horizontal",""
"R59,R123,R138","3","180K","","","","Resistor_THT:R_Axial_DIN0207_L6.3mm_D2.5mm_P7.62mm_Horizontal",""
"R63,R124","2","68K","","","","Resistor_THT:R_Axial_DIN0207_L6.3mm_D2.5mm_P7.62mm_Horizontal",""
"R66,R91","2","330K","","","","Resistor_THT:R_Axial_DIN0207_L6.3mm_D2.5mm_P7.62mm_Horizontal",""
"R78,R80,R84,R96,R98,R101,R103,R122","8","47K","","","","Resistor_THT:R_Axial_DIN0207_L6.3mm_D2.5mm_P7.62mm_Horizontal",""
"R82,R125","2","82K","","","","Resistor_THT:R_Axial_DIN0207_L6.3mm_D2.5mm_P7.62mm_Horizontal",""
"R97","1","22k","","","","Resistor_THT:R_Axial_DIN0207_L6.3mm_D2.5mm_P7.62mm_Horizontal",""
"R99,R118,R119,R127","4","39K","","","","Resistor_THT:R_Axial_DIN0207_L6.3mm_D2.5mm_P7.62mm_Horizontal",""
"R104","1","470R","","","","Resistor_THT:R_Axial_DIN0207_L6.3mm_D2.5mm_P7.62mm_Horizontal",""
"R111","1","3K3","","","","Resistor_THT:R_Axial_DIN0207_L6.3mm_D2.5mm_P7.62mm_Horizontal",""
"R115,R142","2","12K","","","","Resistor_THT:R_Axial_DIN0207_L6.3mm_D2.5mm_P7.62mm_Horizontal",""
"R120","1","120K","","","","Resistor_THT:R_Axial_DIN0207_L6.3mm_D2.5mm_P7.62mm_Horizontal",""
"R129,R140","2","22K","","","","Resistor_THT:R_Axial_DIN0207_L6.3mm_D2.5mm_P7.62mm_Horizontal",""
"R133","1","6K8","","","","Resistor_THT:R_Axial_DIN0207_L6.3mm_D2.5mm_P7.62mm_Horizontal",""
"R139","1","360K","","","","Resistor_THT:R_Axial_DIN0207_L6.3mm_D2.5mm_P7.62mm_Horizontal",""
"R141,R147","2","20K","","","","Resistor_THT:R_Axial_DIN0207_L6.3mm_D2.5mm_P7.62mm_Horizontal",""
"R151","1","5K1","","","","Resistor_THT:R_Axial_DIN0207_L6.3mm_D2.5mm_P7.62mm_Horizontal",""
"R152","1","2K","","","","Resistor_THT:R_Axial_DIN0207_L6.3mm_D2.5mm_P7.62mm_Horizontal",""
"R153","1","2K7","","","","Resistor_THT:R_Axial_DIN0207_L6.3mm_D2.5mm_P7.62mm_Horizontal",""
"R156","1","33","","","","Resistor_THT:R_Axial_DIN0207_L6.3mm_D2.5mm_P7.62mm_Horizontal",""
"RM-065_2","1","500K","","","","Potentiometer_THT:Potentiometer_Runtron_RM-065_Vertical",""
"RM-065_3,RV16","2","20K","","","","Potentiometer_THT:Potentiometer_Runtron_RM-065_Vertical",""
"RM-065_4","1","100K","","","","Potentiometer_THT:Potentiometer_Runtron_RM-065_Vertical",""
"RV14","1","B50K","","","","Potentiometer_THT:Potentiometer_Runtron_RM-065_Vertical",""
"RVDelay1,RVDepth1,RVMix_del1,RVRepets1,RV_In1","5","B50K","","","","Potentiometer_THT:Potentiometer_Alpha_RD901F-40-00D_Single_Vertical",""
"RVdepth_cho1","1","10K","","","","Potentiometer_THT:Potentiometer_Alpha_RD901F-40-00D_Single_Vertical",""
"RVDist1,RVSpeed1","2","C500K","","","","Potentiometer_THT:Potentiometer_Alpha_RD901F-40-00D_Single_Vertical",""
"RVfuzz1","1","B1K","","","","Potentiometer_THT:Potentiometer_Alpha_RD901F-40-00D_Single_Vertical",""
"RVGain1","1","B100K","","","","Potentiometer_THT:Potentiometer_Alpha_RD901F-40-00D_Single_Vertical",""
"RVRatef1","1","C250K","","","","Potentiometer_THT:Potentiometer_Alpha_RD901F-40-00D_Single_Vertical",""
"RVRate_cho1","1","1M","","","","Potentiometer_THT:Potentiometer_Alpha_RD901F-40-00D_Single_Vertical",""
"RVRes1","1","C50K","","","","Potentiometer_THT:Potentiometer_Alpha_RD901F-40-00D_Single_Vertical",""
"RVTone_ov1","1","A25K","","","","Potentiometer_THT:Potentiometer_Alpha_RD901F-40-00D_Single_Vertical",""
"RVVolume_dist1","1","A50K","","","","Potentiometer_THT:Potentiometer_Alpha_RD901F-40-00D_Single_Vertical",""
"RVVolume_over1","1","A100K","","","","Potentiometer_THT:Potentiometer_Alpha_RD901F-40-00D_Single_Vertical",""
"RV_BIAS1","1","B10K","","","","Potentiometer_THT:Potentiometer_Alpha_RD901F-40-00D_Single_Vertical",""
"RV_Volumefuzz1","1","A500K","","","","Potentiometer_THT:Potentiometer_Alpha_RD901F-40-00D_Single_Vertical",""
"SW1,SW2,SW3,SW4,SW5,SW6,SW7","7","","","","","synt:3PTD",""
"U1,U2,U3","3","TL071","","","","Package_DIP:DIP-8_W7.62mm","http://www.ti.com/lit/ds/symlink/tl071.pdf"
"U4,U5,U6,U7,U8,U9","6","LM741","","","","Package_DIP:DIP-8_W7.62mm","http://www.ti.com/lit/ds/symlink/lm741.pdf"
"U10,U22","2","L78L05_TO92","","","","Package_TO_SOT_THT:TO-92_Inline","http://www.st.com/content/ccc/resource/technical/document/datasheet/15/55/e5/aa/23/5b/43/fd/CD00000446.pdf/files/CD00000446.pdf/jcr:content/translations/en.CD00000446.pdf"
"U11","1","TL062","","","","Package_DIP:DIP-8_W7.62mm","http://www.ti.com/lit/ds/symlink/tl061.pdf"
"U12,U13,U16","3","RC4558","","","","Package_DIP:DIP-8_W7.62mm","http://www.ti.com/lit/ds/symlink/rc4558.pdf"
"U14","1","MN3207","","","","Package_DIP:DIP-8_W7.62mm","http://www.experimentalistsanonymous.com/diy/Datasheets/MN3207.pdf"
"U15","1","MN3102","","","","Package_DIP:DIP-8_W7.62mm","http://www.experimentalistsanonymous.com/diy/Datasheets/MN3102.pdf"
"U17","1","MN3007","","","","Package_DIP:DIP-8_W7.62mm","http://www.experimentalistsanonymous.com/diy/Datasheets/MN3007.pdf"
"U18","1","4047","","","","Package_DIP:DIP-14_W7.62mm","https://www.ti.com/lit/ds/symlink/cd4047b.pdf"
"U19","1","LM358","","","","Package_DIP:DIP-8_W7.62mm","http://www.ti.com/lit/ds/symlink/lm2904-n.pdf"
"U20","1","TL072","","","","Package_DIP:DIP-8_W7.62mm","http://www.ti.com/lit/ds/symlink/tl071.pdf"
"U21","1","PT2399","","","","Package_DIP:DIP-16_W7.62mm","http://www.princeton.com.tw/Portals/0/Product/PT2399_1.pdf"
